Record Type,Date and Time,Epoch,Tree Num,Direction,Note,Average Above PAR,Average Below PAR,Tau [Τ],Leaf Distribution [Χ],Extinction Coefficient [K],Leaf Area Index [LAI],Beam Fraction [Fb],Zenith Angle,Latitude,Longitude,
SUM,4/1/2022 12:25:52 PM,1648815952,2370,S,,1790.942175,1565.9,0.874,1.00,0.640,0.21,0.87,38°,34°,-120°,
SUM,4/1/2022 12:26:08 PM,1648815968,2370,W,,1791.060902,1187.1,0.663,1.00,0.640,0.60,0.68,38°,34°,-120°,
SUM,4/1/2022 12:26:31 PM,1648815991,2370,N,not shaded,1791.291275,717.7,0.401,1.00,0.631,1.10,0.14,37°,34°,-120°,
SUM,4/1/2022 12:27:01 PM,1648816021,2370,E,,1791.69474,697.9,0.390,1.00,0.631,1.13,0.11,37°,34°,-120°,
SUM,4/1/2022 12:27:55 PM,1648816075,2370,Round,,1792.702176,580.6,0.324,1.00,0.631,1.31,0.00,37°,34°,-120°,
SUM,4/1/2022 12:28:51 PM,1648816131,2371,S,,1794.10643,1461.9,0.815,1.00,0.631,0.32,0.81,37°,34°,-120°,
SUM,4/1/2022 12:29:15 PM,1648816155,2371,W,,1794.813635,410.9,0.229,1.00,0.631,1.72,0.01,37°,34°,-120°,557135183.9
SUM,4/1/2022 12:29:39 PM,1648816179,2371,N,shaded by trunk,1795.580962,88.1,0.049,1.00,0.631,3.52,0.02,37°,34°,-120°,
SUM,4/1/2022 12:29:56 PM,1648816196,2371,E,,1796.159685,632.5,0.352,1.00,0.631,1.23,0.05,37°,34°,-120°,
SUM,4/1/2022 12:30:52 PM,1648816252,2371,Round,28 mnts,1798.245246,354.8,0.197,1.00,0.631,1.89,0.00,37°,34°,-120°,
SUM,4/1/2022 12:31:28 PM,1648816288,2372,S,,1799.681081,231.1,0.128,1.00,0.631,2.40,0.02,37°,34°,-120°,
SUM,4/1/2022 12:31:47 PM,1648816307,2372,W,,1800.451867,254.8,0.142,1.00,0.631,2.28,0.02,37°,34°,-120°,
SUM,4/1/2022 12:32:17 PM,1648816337,2372,N,not shaded,1801.668815,793.5,0.440,1.00,0.631,1.02,0.25,37°,34°,-120°,
SUM,4/1/2022 12:32:35 PM,1648816355,2372,E,,1802.390437,277.4,0.154,1.00,0.631,2.19,0.02,37°,34°,-120°,
SUM,4/1/2022 12:33:27 PM,1648816407,2372,Round,,1804.385676,350.0,0.194,1.00,0.631,1.92,0.02,37°,34°,-120°,
SUM,4/1/2022 12:34:29 PM,1648816469,2308/2309,S,,1806.453953,259.6,0.144,1.00,0.623,2.27,0.02,36°,34°,-120°,
SUM,4/1/2022 12:34:52 PM,1648816492,2308/2309,W,,1807.095966,529.5,0.293,1.00,0.623,1.43,0.00,36°,34°,-120°,
SUM,4/1/2022 12:35:17 PM,1648816517,2308/2309,N,partly shaded,1807.698932,368.8,0.204,1.00,0.623,1.86,0.02,36°,34°,-120°,
SUM,4/1/2022 12:35:44 PM,1648816544,2308/2309,E,,1808.24321,1039.1,0.575,1.00,0.623,0.76,0.52,36°,34°,-120°,
SUM,4/1/2022 12:36:29 PM,1648816589,2308/2309,Round,,1808.945786,521.5,0.288,1.00,0.623,1.45,0.02,36°,34°,-120°,
SUM,4/1/2022 12:37:52 PM,1648816672,2307,S,,1809.79392,293.7,0.162,1.00,0.623,2.12,0.02,36°,34°,-120°,
SUM,4/1/2022 12:38:10 PM,1648816690,2307,W,,1809.937181,1529.2,0.845,1.00,0.623,0.27,0.85,36°,34°,-120°,
SUM,4/1/2022 12:38:36 PM,1648816716,2307,N,,1810.138196,183.5,0.101,1.00,0.623,2.67,0.02,36°,34°,-120°,
SUM,4/1/2022 12:38:56 PM,1648816736,2307,E,,1810.296038,428.6,0.237,1.00,0.623,1.68,0.02,36°,34°,-120°,
SUM,4/1/2022 12:39:44 PM,1648816784,2307,Round,18 mnts,1810.727813,653.8,0.361,1.00,0.623,1.19,0.02,36°,34°,-120°,
SUM,4/1/2022 12:40:34 PM,1648816834,2306,S,7 mnts,1811.328072,682.8,0.377,1.00,0.623,1.17,0.12,36°,34°,-120°,
SUM,4/1/2022 12:41:26 PM,1648816886,2306,W,,1812.127583,512.7,0.283,1.00,0.623,1.47,0.00,36°,34°,-120°,
SUM,4/1/2022 12:41:45 PM,1648816905,2306,N,,1812.456251,1081.1,0.596,1.00,0.615,0.69,0.41,35°,34°,-120°,
SUM,4/1/2022 12:42:01 PM,1648816921,2306,E,,1812.745737,313.6,0.173,1.00,0.615,2.05,0.02,35°,34°,-120°,
SUM,4/1/2022 12:43:06 PM,1648816986,2306,Round,26 mnts,1814.014734,476.7,0.263,1.00,0.615,1.56,0.02,35°,34°,-120°,
SUM,4/1/2022 12:43:55 PM,1648817035,2373,S,,1815.033373,1212.7,0.668,1.00,0.615,0.59,0.65,35°,34°,-120°,
SUM,4/1/2022 12:44:11 PM,1648817051,2373,W,,1815.370717,1081.7,0.596,1.00,0.615,0.73,0.56,35°,34°,-120°,
SUM,4/1/2022 12:44:30 PM,1648817070,2373,N,shaded by trunk,1815.771519,111.1,0.061,1.00,0.615,3.26,0.02,35°,34°,-120°,
SUM,4/1/2022 12:44:49 PM,1648817089,2373,E,,1816.170578,1046.5,0.576,1.00,0.615,0.76,0.51,35°,34°,-120°,
SUM,4/1/2022 12:45:42 PM,1648817142,2373,Round,24 mnts,1817.260454,713.2,0.392,1.00,0.615,1.17,0.25,35°,34°,-120°,
SUM,4/1/2022 12:46:36 PM,1648817196,2305,S,,1818.327793,947.3,0.521,1.00,0.615,0.86,0.40,35°,34°,-120°,
SUM,4/1/2022 12:46:58 PM,1648817218,2305,W,,1818.749265,436.7,0.240,1.00,0.615,1.66,0.01,35°,34°,-120°,
SUM,4/1/2022 12:47:25 PM,1648817245,2305,N,shaded by trunk,1819.255389,98.3,0.054,1.00,0.615,3.41,0.02,35°,34°,-120°,
SUM,4/1/2022 12:47:43 PM,1648817263,2305,E,,1819.585767,575.2,0.316,1.00,0.615,1.35,0.02,35°,34°,-120°,
SUM,4/1/2022 12:48:25 PM,1648817305,2305,Round,20 mnts,1820.333853,520.8,0.286,1.00,0.615,1.46,0.02,35°,34°,-120°,
SUM,4/1/2022 12:48:57 PM,1648817337,2304,S,,1820.881516,298.9,0.164,1.00,0.615,2.11,0.02,35°,34°,-120°,
SUM,4/1/2022 12:49:15 PM,1648817355,2304,W,,1821.18076,156.0,0.086,1.00,0.615,2.87,0.02,35°,34°,-120°,
SUM,4/1/2022 12:49:57 PM,1648817397,2304,N,not shaded,1821.853365,273.0,0.150,1.00,0.608,2.22,0.02,34°,34°,-120°,
SUM,4/1/2022 12:50:24 PM,1648817424,2304,E,,1822.265228,239.2,0.131,1.00,0.608,2.37,0.02,34°,34°,-120°,
SUM,4/1/2022 12:51:04 PM,1648817464,2304,Round,19 mnts,1822.830908,341.5,0.187,1.00,0.608,1.96,0.02,34°,34°,-120°,
SUM,4/1/2022 12:51:50 PM,1648817510,2302,S,,1823.384354,195.5,0.107,1.00,0.608,2.61,0.02,34°,34°,-120°,
SUM,4/1/2022 12:52:07 PM,1648817527,2302,W,,1823.554851,301.9,0.166,1.00,0.608,2.10,0.02,34°,34°,-120°,
SUM,4/1/2022 12:52:36 PM,1648817556,2302,N,not shaded,1823.794676,1004.1,0.551,1.00,0.608,0.80,0.41,34°,34°,-120°,
SUM,4/1/2022 12:52:50 PM,1648817570,2302,E,,1823.88489,196.6,0.108,1.00,0.608,2.60,0.02,34°,34°,-120°,
SUM,4/1/2022 12:53:33 PM,1648817613,2302,Round,18 mnts,1824.043075,322.5,0.177,1.00,0.608,2.67,0.73,34°,34°,-120°,
SUM,4/1/2022 12:55:46 PM,1648817746,2303,S,,1823.112686,690.9,0.379,1.00,0.608,1.16,0.09,34°,34°,-120°,
SUM,4/1/2022 12:55:59 PM,1648817759,2303,W,,1822.907937,1353.9,0.743,1.00,0.608,0.47,0.78,34°,34°,-120°,
SUM,4/1/2022 12:56:15 PM,1648817775,2303,N,mostly shaded,1822.640221,92.7,0.051,1.00,0.608,3.48,0.02,34°,34°,-120°,
SUM,4/1/2022 12:56:29 PM,1648817789,2303,E,,1822.395756,228.0,0.125,1.00,0.608,2.43,0.02,34°,34°,-120°,
SUM,4/1/2022 12:57:09 PM,1648817829,2303,Round,25 mnts,1821.678366,492.0,0.270,1.00,0.608,1.53,0.02,34°,34°,-120°,
SUM,4/1/2022 12:57:48 PM,1648817868,2301,S,,1821.015617,1524.2,0.837,1.00,0.608,0.29,0.83,34°,34°,-120°,
SUM,4/1/2022 12:58:04 PM,1648817884,2301,W,,1820.772785,274.7,0.151,1.00,0.608,2.21,0.02,34°,34°,-120°,
SUM,4/1/2022 12:58:25 PM,1648817905,2301,N,not shaded,1820.492859,231.0,0.127,1.00,0.608,2.41,0.02,34°,34°,-120°,
SUM,4/1/2022 12:58:42 PM,1648817922,2301,E,,1820.306256,205.7,0.113,1.00,0.601,2.55,0.02,33°,34°,-120°,
SUM,4/1/2022 12:59:26 PM,1648817966,2301,Round,,1820.03841,703.4,0.386,1.00,0.601,1.59,0.86,33°,34°,-120°,
SUM,4/1/2022 1:00:15 PM,1648818015,2332,S,,1820.215097,1859.5,1.022,1.00,0.601,-0.04,0.91,33°,34°,-120°,
SUM,4/1/2022 1:00:28 PM,1648818028,2332,W,,1820.35636,1285.9,0.706,1.00,0.601,0.53,0.69,33°,34°,-120°,
SUM,4/1/2022 1:00:48 PM,1648818048,2332,N,not shaded,1820.640032,514.6,0.283,1.00,0.601,1.47,0.00,33°,34°,-120°,
SUM,4/1/2022 1:01:08 PM,1648818068,2332,E,,1820.992174,1039.0,0.571,1.00,0.601,0.78,0.49,33°,34°,-120°,
SUM,4/1/2022 1:01:56 PM,1648818116,2332,Round,24 mnts,1822.035738,1150.2,0.631,1.00,0.601,0.76,0.84,33°,34°,-120°,
SUM,4/1/2022 1:02:43 PM,1648818163,2334,S,,1823.184312,533.3,0.293,1.00,0.601,1.43,0.00,33°,34°,-120°,
SUM,4/1/2022 1:02:53 PM,1648818173,2334,W,,1823.428006,965.5,0.529,1.00,0.601,0.85,0.40,33°,34°,-120°,
SUM,4/1/2022 1:03:12 PM,1648818192,2334,N,not shaded,1823.878565,224.5,0.123,1.00,0.601,2.45,0.02,33°,34°,-120°,
SUM,4/1/2022 1:03:24 PM,1648818204,2334,E,,1824.150419,562.2,0.308,1.00,0.601,1.37,0.01,33°,34°,-120°,
SUM,4/1/2022 1:03:57 PM,1648818237,2334,Round,,1824.820502,446.3,0.245,1.00,0.601,1.64,0.00,33°,34°,-120°,
SUM,4/1/2022 1:11:04 PM,1648818664,2333,S,,1821.537983,717.1,0.394,1.00,0.594,1.08,0.00,32°,34°,-120°,
SUM,4/1/2022 1:11:21 PM,1648818681,2333,W,,1821.504734,609.9,0.335,1.00,0.594,1.28,0.02,32°,34°,-120°,
SUM,4/1/2022 1:14:18 PM,1648818858,2333,N,,1820.820296,148.3,0.081,1.00,0.594,2.93,0.02,32°,34°,-120°,
SUM,4/1/2022 1:14:35 PM,1648818875,2333,E,,1820.572274,205.4,0.113,1.00,0.594,2.55,0.02,32°,34°,-120°,
SUM,4/1/2022 1:15:05 PM,1648818905,2333,Round,17 mnts,1819.988729,322.4,0.177,1.00,0.594,2.02,0.02,32°,34°,-120°,
SUM,4/1/2022 1:16:05 PM,1648818965,2374,S,,1818.276862,779.3,0.429,1.00,0.594,1.04,0.16,32°,34°,-120°,
SUM,4/1/2022 1:16:16 PM,1648818976,2374,W,,1817.904789,584.7,0.322,1.00,0.594,1.37,0.13,32°,34°,-120°,
SUM,4/1/2022 1:16:28 PM,1648818988,2374,N,not shaded,1817.484947,416.3,0.229,1.00,0.594,1.72,0.02,32°,34°,-120°,
SUM,4/1/2022 1:16:40 PM,1648819000,2374,E,,1817.053472,439.4,0.242,1.00,0.594,1.66,0.02,32°,34°,-120°,
SUM,4/1/2022 1:17:15 PM,1648819035,2374,Round,21 mnts,1815.75667,543.1,0.299,1.00,0.594,1.68,0.49,32°,34°,-120°,
SUM,4/1/2022 1:18:30 PM,1648819110,2330,S,,1813.077004,276.2,0.152,1.00,0.594,2.20,0.02,32°,34°,-120°,
SUM,4/1/2022 1:18:53 PM,1648819133,2330,W,,1812.369152,124.3,0.069,1.00,0.594,3.13,0.02,32°,34°,-120°,
SUM,4/1/2022 1:19:17 PM,1648819157,2330,E,,1811.727379,165.7,0.091,1.00,0.594,2.80,0.02,32°,34°,-120°,
SUM,4/1/2022 1:19:42 PM,1648819182,2330,Round,,1811.189592,224.1,0.124,1.00,0.594,2.44,0.02,32°,34°,-120°,
SUM,4/1/2022 1:20:38 PM,1648819238,2326,S,,1810.576686,847.0,0.468,1.00,0.588,0.96,0.24,31°,34°,-120°,
SUM,4/1/2022 1:20:49 PM,1648819249,2326,W,,1810.548328,982.6,0.543,1.00,0.588,0.78,0.28,31°,34°,-120°,
SUM,4/1/2022 1:21:05 PM,1648819265,2326,N,not shaded,1810.552018,831.8,0.459,1.00,0.588,0.99,0.26,31°,34°,-120°,
SUM,4/1/2022 1:21:17 PM,1648819277,2326,E,,1810.58631,581.1,0.321,1.00,0.588,1.33,0.03,31°,34°,-120°,
SUM,4/1/2022 1:21:53 PM,1648819313,2326,Round,20 mnts,1810.822389,1067.4,0.589,1.00,0.588,0.81,0.67,31°,34°,-120°,
SUM,4/1/2022 1:22:33 PM,1648819353,2325,S,,1811.249063,806.1,0.445,1.00,0.588,1.02,0.23,31°,34°,-120°,
SUM,4/1/2022 1:22:53 PM,1648819373,2325,W,,1811.497149,1786.2,0.986,1.00,0.588,0.02,0.91,31°,34°,-120°,
SUM,4/1/2022 1:23:09 PM,1648819389,2325,N,shaded by trunk,1811.700849,161.3,0.089,1.00,0.588,2.83,0.02,31°,34°,-120°,
SUM,4/1/2022 1:23:26 PM,1648819406,2325,E,,1811.914596,1237.6,0.683,1.00,0.588,0.54,0.50,31°,34°,-120°,
SUM,4/1/2022 1:24:02 PM,1648819442,2325,Round,20 mnts,1812.323678,1058.4,0.584,1.00,0.588,0.74,0.44,31°,34°,-120°,
SUM,4/1/2022 1:26:46 PM,1648819606,2347,S,,1812.066069,621.9,0.343,1.00,0.588,1.24,0.00,31°,34°,-120°,
SUM,4/1/2022 1:27:00 PM,1648819620,2347,W,,1811.885085,953.4,0.526,1.00,0.588,0.83,0.30,31°,34°,-120°,
SUM,4/1/2022 1:27:19 PM,1648819639,2347,N,not shaded,1811.616173,256.2,0.141,1.00,0.588,2.29,0.02,31°,34°,-120°,
SUM,4/1/2022 1:27:33 PM,1648819653,2347,E,,1811.404105,519.4,0.287,1.00,0.588,1.45,0.00,31°,34°,-120°,
SUM,4/1/2022 1:28:11 PM,1648819691,2347,Round,,1810.789888,645.0,0.356,1.00,0.588,1.21,0.02,31°,34°,-120°,
SUM,4/1/2022 1:28:40 PM,1648819720,2346,S,,1810.306671,307.4,0.170,1.00,0.588,2.07,0.02,31°,34°,-120°,
SUM,4/1/2022 1:28:52 PM,1648819732,2346,W,,1810.108854,585.2,0.323,1.00,0.588,1.31,0.00,31°,34°,-120°,
SUM,4/1/2022 1:29:10 PM,1648819750,2346,N,not shaded,1809.819228,944.2,0.522,1.00,0.588,0.89,0.43,31°,34°,-120°,
SUM,4/1/2022 1:29:26 PM,1648819766,2346,E,,1809.572669,177.2,0.098,1.00,0.588,2.72,0.02,31°,34°,-120°,
SUM,4/1/2022 1:29:58 PM,1648819798,2346,Round,,1809.125415,581.5,0.321,1.00,0.588,1.35,0.07,31°,34°,-120°,
SUM,4/1/2022 1:30:59 PM,1648819859,2009,S,,1808.447917,1693.0,0.936,1.00,0.588,0.08,0.19,31°,34°,-120°,
SUM,4/1/2022 1:31:13 PM,1648819873,2009,W,,1808.300068,604.6,0.334,1.00,0.588,1.28,0.02,31°,34°,-120°,
SUM,4/1/2022 1:31:36 PM,1648819896,2009,N,partly shaded,1808.040646,751.2,0.415,1.00,0.588,1.09,0.19,31°,34°,-120°,
SUM,4/1/2022 1:31:48 PM,1648819908,2009,E,,1807.891533,1154.6,0.639,1.00,0.588,0.64,0.54,31°,34°,-120°,
SUM,4/1/2022 1:32:27 PM,1648819947,2009,Round,23 mnts,1807.301639,668.1,0.370,1.00,0.588,1.16,0.02,31°,34°,-120°,
SUM,4/1/2022 1:33:31 PM,1648820011,2343,S,,1805.778176,641.0,0.355,1.00,0.588,1.22,0.05,31°,34°,-120°,
SUM,4/1/2022 1:33:42 PM,1648820022,2343,W,,1805.421196,325.2,0.180,1.00,0.588,2.00,0.02,31°,34°,-120°,
SUM,4/1/2022 1:33:57 PM,1648820037,2343,N,shaded by trunk,1804.879869,99.4,0.055,1.00,0.588,3.39,0.02,31°,34°,-120°,
SUM,4/1/2022 1:34:08 PM,1648820048,2343,E,,1804.44002,317.2,0.176,1.00,0.588,2.03,0.02,31°,34°,-120°,
SUM,4/1/2022 1:34:34 PM,1648820074,2343,Round,20 mnts,1803.242531,679.2,0.377,1.00,0.588,1.57,0.77,31°,34°,-120°,
SUM,4/1/2022 1:37:44 PM,1648820264,2354,S,,1789.066913,926.4,0.518,1.00,0.582,0.86,0.33,30°,34°,-120°,
SUM,4/1/2022 1:37:54 PM,1648820274,2354,W,,1788.29089,773.3,0.432,1.00,0.582,1.04,0.20,30°,34°,-120°,
SUM,4/1/2022 1:38:00 PM,1648820280,2354,N,not shaded,1787.835662,373.0,0.209,1.00,0.582,1.82,,30°,34°,-120°,
SUM,4/1/2022 1:38:34 PM,1648820314,2354,E,shaded by trunk,1785.443937,63.6,0.036,1.00,0.582,3.90,0.02,30°,34°,-120°,
SUM,4/1/2022 1:39:04 PM,1648820344,2354,Round,21 mnts,1783.679473,414.1,0.232,1.00,0.582,1.71,0.02,30°,34°,-120°,
SUM,4/1/2022 1:39:45 PM,1648820385,2352,S,,1781.975762,1657.3,0.930,1.00,0.582,0.12,0.86,30°,34°,-120°,
SUM,4/1/2022 1:40:01 PM,1648820401,2352,W,,1781.58021,1131.8,0.635,1.00,0.582,0.66,0.55,30°,34°,-120°,
SUM,4/1/2022 1:40:18 PM,1648820418,2352,N,shaded by trunk,1781.343326,80.7,0.045,1.00,0.582,3.62,0.02,30°,34°,-120°,
SUM,4/1/2022 1:40:30 PM,1648820430,2352,E,,1781.28274,320.5,0.180,1.00,0.582,2.01,0.02,30°,34°,-120°,
SUM,4/1/2022 1:41:06 PM,1648820466,2352,Round,22 mnts,1781.559645,815.9,0.458,1.00,0.582,1.00,0.28,30°,34°,-120°,
SUM,4/1/2022 1:42:42 PM,1648820562,2378,S,,1784.511489,398.3,0.223,1.00,0.582,1.75,0.02,30°,34°,-120°,
SUM,4/1/2022 1:42:54 PM,1648820574,2378,W,,1784.989219,573.2,0.321,1.00,0.582,1.32,0.01,30°,34°,-120°,
SUM,4/1/2022 1:43:11 PM,1648820591,2378,N,shaded by trunk,1785.668531,300.6,0.168,1.00,0.582,2.08,0.02,30°,34°,-120°,
SUM,4/1/2022 1:43:23 PM,1648820603,2378,E,,1786.140838,424.7,0.238,1.00,0.582,1.68,0.02,30°,34°,-120°,
SUM,4/1/2022 1:43:49 PM,1648820629,2378,Round,,1787.109455,675.2,0.378,1.00,0.582,1.13,0.00,30°,34°,-120°,
SUM,4/1/2022 1:44:46 PM,1648820686,2379,S,,1788.687694,182.5,0.102,1.00,0.582,2.67,0.02,30°,34°,-120°,
SUM,4/1/2022 1:45:03 PM,1648820703,2379,W,,1788.934145,180.3,0.101,1.00,0.582,2.68,0.02,30°,34°,-120°,
SUM,4/1/2022 1:45:17 PM,1648820717,2379,N,partly shaded,1789.04016,120.2,0.067,1.00,0.582,3.16,0.02,30°,34°,-120°,
SUM,4/1/2022 1:45:34 PM,1648820734,2379,E,,1789.05611,356.8,0.199,1.00,0.582,1.89,0.02,30°,34°,-120°,
SUM,4/1/2022 1:46:02 PM,1648820762,2379,Round,,1788.834687,379.7,0.212,1.00,0.582,1.93,0.20,30°,34°,-120°,
SUM,4/1/2022 1:47:07 PM,1648820827,2380,S,,1787.328763,262.2,0.147,1.00,0.582,2.24,0.02,30°,34°,-120°,
SUM,4/1/2022 1:47:33 PM,1648820853,2380,W,,1786.421339,445.9,0.250,1.00,0.582,1.61,0.00,30°,34°,-120°,
SUM,4/1/2022 1:48:06 PM,1648820886,2380,N,partly shaded,1785.089895,100.4,0.056,1.00,0.582,3.37,0.02,30°,34°,-120°,
SUM,4/1/2022 1:48:32 PM,1648820912,2380,E,,1783.937806,811.7,0.455,1.00,0.582,0.99,0.21,30°,34°,-120°,
SUM,4/1/2022 1:49:05 PM,1648820945,2380,Round,,1782.397631,376.6,0.211,1.00,0.582,1.81,0.00,30°,34°,-120°,
SUM,4/1/2022 1:52:18 PM,1648821138,2360,S,,1774.077642,307.5,0.173,1.00,0.582,2.05,0.02,30°,34°,-120°,
SUM,4/1/2022 1:52:33 PM,1648821153,2360,W,,1773.528478,977.3,0.551,1.00,0.582,0.83,0.47,30°,34°,-120°,
SUM,4/1/2022 1:52:47 PM,1648821167,2360,N,not shaded,1773.027838,1533.0,0.865,1.00,0.582,0.24,0.81,30°,34°,-120°,
SUM,4/1/2022 1:53:03 PM,1648821183,2360,E,,1772.469452,661.1,0.373,1.00,0.582,1.18,0.09,30°,34°,-120°,
SUM,4/1/2022 1:53:27 PM,1648821207,2360,Round,18 mnts,1771.658677,944.2,0.533,1.00,0.582,0.73,0.00,30°,34°,-120°,
SUM,4/1/2022 1:54:33 PM,1648821273,2369,S,,1769.585878,344.8,0.195,1.00,0.582,1.91,0.02,30°,34°,-120°,
SUM,4/1/2022 1:54:45 PM,1648821285,2369,W,,1769.23235,297.0,0.168,1.00,0.582,2.09,0.02,30°,34°,-120°,
SUM,4/1/2022 1:55:03 PM,1648821303,2369,N,not shaded,1768.714779,1645.2,0.930,1.00,0.582,0.12,0.86,30°,34°,-120°,
SUM,4/1/2022 1:55:20 PM,1648821320,2369,E,,1768.238894,711.8,0.403,1.00,0.582,1.09,0.10,30°,34°,-120°,
SUM,4/1/2022 1:55:44 PM,1648821344,2369,Round,,1767.583031,653.1,0.369,1.00,0.582,1.16,0.02,30°,34°,-120°,
SUM,4/1/2022 1:59:07 PM,1648821547,2384,S,,1761.647668,516.2,0.293,1.00,0.582,1.44,0.02,30°,34°,-120°,
SUM,4/1/2022 1:59:21 PM,1648821561,2384,W,,1761.138787,221.3,0.126,1.00,0.582,2.43,0.02,30°,34°,-120°,
SUM,4/1/2022 1:59:41 PM,1648821581,2384,N,partly shaded,1760.373251,359.8,0.204,1.00,0.582,1.86,0.02,30°,34°,-120°,
SUM,4/1/2022 1:59:57 PM,1648821597,2384,E,,1759.725246,486.0,0.276,1.00,0.582,1.49,0.00,30°,34°,-120°,
SUM,4/1/2022 2:00:29 PM,1648821629,2384,Round,20 mnts,1758.32998,363.6,0.207,1.00,0.582,1.85,0.03,30°,34°,-120°,
SUM,4/1/2022 2:01:21 PM,1648821681,2381,S,,1755.836932,608.7,0.347,1.00,0.582,1.23,0.00,30°,34°,-120°,
SUM,4/1/2022 2:01:34 PM,1648821694,2381,W,,1755.182441,851.9,0.485,1.00,0.582,0.91,0.24,30°,34°,-120°,
SUM,4/1/2022 2:01:48 PM,1648821708,2381,N,not shaded,1754.468168,640.6,0.365,1.00,0.582,1.18,0.03,30°,34°,-120°,
SUM,4/1/2022 2:02:01 PM,1648821721,2381,E,,1753.798283,359.3,0.205,1.00,0.582,1.85,0.02,30°,34°,-120°,
SUM,4/1/2022 2:02:35 PM,1648821755,2381,Round,,1752.030886,389.9,0.223,1.00,0.582,1.76,0.02,30°,34°,-120°,
SUM,4/1/2022 2:03:33 PM,1648821813,2382,S,,1749.049576,420.9,0.241,1.00,0.582,1.65,0.00,30°,34°,-120°,
SUM,4/1/2022 2:03:45 PM,1648821825,2382,W,,1748.451315,1438.4,0.823,1.00,0.582,0.31,0.73,30°,34°,-120°,
SUM,4/1/2022 2:03:58 PM,1648821838,2382,N,partly shaded,1747.814476,333.0,0.191,1.00,0.582,1.94,0.02,30°,34°,-120°,
SUM,4/1/2022 2:04:12 PM,1648821852,2382,E,,1747.144002,434.4,0.249,1.00,0.582,1.63,0.02,30°,34°,-120°,
SUM,4/1/2022 2:04:44 PM,1648821884,2382,Round,20 mnts,1745.684466,592.1,0.339,1.00,0.582,1.26,0.02,30°,34°,-120°,
SUM,4/1/2022 2:05:26 PM,1648821926,2010,S,,1743.959889,681.7,0.391,1.00,0.582,1.15,0.14,30°,34°,-120°,
SUM,4/1/2022 2:05:37 PM,1648821937,2010,W,,1743.545081,1422.2,0.816,1.00,0.582,0.32,0.71,30°,34°,-120°,
SUM,4/1/2022 2:05:50 PM,1648821950,2010,N,not shaded,1743.072545,146.8,0.084,1.00,0.582,2.89,0.02,30°,34°,-120°,
SUM,4/1/2022 2:06:06 PM,1648821966,2010,E,,1742.515299,465.2,0.267,1.00,0.582,1.53,0.00,30°,34°,-120°,
SUM,4/1/2022 2:06:33 PM,1648821993,2010,Round,,1741.628941,799.3,0.459,1.00,0.582,0.90,0.00,30°,34°,-120°,
SUM,4/1/2022 2:12:24 PM,1648822344,full sun,n/a,,1731.071572,1775.7,1.026,1.00,0.582,-0.04,0.88,30°,34°,-120°,
SUM,4/1/2022 2:12:34 PM,1648822354,full sun,n/a,,1730.706424,1799.6,1.040,1.00,0.582,-0.07,0.91,30°,34°,-120°,
SUM,4/1/2022 2:12:42 PM,1648822362,full sun,n/a,,1730.4111,1782.4,1.030,1.00,0.582,-0.05,0.91,30°,34°,-120°,
SUM,4/1/2022 2:12:53 PM,1648822373,full sun,n/a,,1730.00044,1744.3,1.008,1.00,0.582,-0.01,0.88,30°,34°,-120°,
SUM,4/1/2022 2:13:01 PM,1648822381,full sun,n/a,,1729.698481,1776.1,1.027,1.00,0.582,-0.05,0.89,30°,34°,-120°,
SUM,4/1/2022 2:13:23 PM,1648822403,full sun,n/a,,1728.85405,1765.8,1.021,1.00,0.582,-0.04,0.88,30°,34°,-120°,
SUM,4/2/2022 12:42:51 PM,1648903371,2375,S,,1702.687181,605.3,0.355,1.00,0.615,1.23,0.07,35°,34°,-120°,
SUM,4/2/2022 12:43:47 PM,1648903427,2375,W,,1718.764214,392.0,0.228,1.00,0.615,1.73,0.02,35°,34°,-120°,
SUM,4/2/2022 12:44:14 PM,1648903454,2375,N,shaded by trunk,1725.015214,119.3,0.069,1.00,0.615,3.12,0.02,35°,34°,-120°,
SUM,4/2/2022 12:44:58 PM,1648903498,2375,E,,1731.995974,263.8,0.152,1.00,0.615,2.20,0.02,35°,34°,-120°,
SUM,4/2/2022 12:48:22 PM,1648903702,2375,Round,19 mnts,1702.027733,495.6,0.291,1.00,0.615,1.46,0.07,35°,34°,-120°,
SUM,4/2/2022 12:48:59 PM,1648903739,2351,S,,1687.029602,258.2,0.153,1.00,0.608,2.19,0.02,34°,34°,-120°,
SUM,4/2/2022 12:49:19 PM,1648903759,2351,W,,1677.899031,517.6,0.308,1.00,0.608,1.37,0.00,34°,34°,-120°,
SUM,4/2/2022 12:49:53 PM,1648903793,2351,N,not shaded,1660.840521,242.8,0.146,1.00,0.608,2.25,0.02,34°,34°,-120°,
SUM,4/2/2022 12:51:09 PM,1648903869,2351,E,,1617.55755,263.7,0.163,1.00,0.608,2.12,0.02,34°,34°,-120°,
SUM,4/2/2022 12:52:59 PM,1648903979,2351,Round,17 mnts,1559.348714,403.0,0.258,1.00,0.608,1.58,0.02,34°,34°,-120°,
SUM,4/2/2022 12:55:17 PM,1648904117,2349,S,,1538.822141,1042.7,0.678,1.00,0.601,0.61,0.74,33°,34°,-120°,
SUM,4/2/2022 12:56:08 PM,1648904168,2349,W,,1554.822246,1344.0,0.864,1.00,0.601,0.23,0.75,33°,34°,-120°,
SUM,4/2/2022 12:56:33 PM,1648904193,2349,N,not shaded,1566.315544,858.0,0.548,1.00,0.601,0.77,0.28,33°,34°,-120°,
SUM,4/2/2022 12:56:53 PM,1648904213,2349,E,,1576.76468,746.4,0.473,1.00,0.601,0.91,0.16,33°,34°,-120°,
SUM,4/2/2022 12:59:28 PM,1648904368,2349,Round,,1665.761031,1118.6,0.672,1.00,0.601,0.46,0.01,33°,34°,-120°,
SUM,4/2/2022 1:02:00 PM,1648904520,2344,S,,1700.125131,466.7,0.275,1.00,0.601,1.50,0.00,33°,34°,-120°,
SUM,4/2/2022 1:03:38 PM,1648904618,2344,W,,1705.438547,496.6,0.291,1.00,0.601,1.43,0.00,33°,34°,-120°,
SUM,4/2/2022 1:04:58 PM,1648904698,2344,N,not shaded,1720.567445,467.0,0.271,1.00,0.601,1.52,0.02,33°,34°,-120°,
SUM,4/2/2022 1:05:19 PM,1648904719,2344,E,,1727.948915,208.8,0.121,1.00,0.594,2.47,0.02,32°,34°,-120°,
SUM,4/2/2022 1:08:36 PM,1648904916,2344,Round,16 mnts,1841.103616,376.2,0.204,1.00,0.594,1.86,0.02,32°,34°,-120°,
SUM,4/2/2022 1:10:59 PM,1648905059,2340,S,,1906.170505,299.3,0.157,1.00,0.594,2.16,0.02,32°,34°,-120°,
SUM,4/2/2022 1:11:21 PM,1648905081,2340,W,,1911.056189,867.9,0.454,1.00,0.594,1.01,0.28,32°,34°,-120°,
SUM,4/2/2022 1:11:44 PM,1648905104,2340,N,not shaded,1914.687383,659.8,0.345,1.00,0.594,1.25,0.04,32°,34°,-120°,
SUM,4/2/2022 1:12:10 PM,1648905130,2340,E,,1917.020193,1310.0,0.683,1.00,0.594,0.58,0.69,32°,34°,-120°,
SUM,4/2/2022 1:13:00 PM,1648905180,2340,Round,18 mnts,1916.410219,726.6,0.379,1.00,0.594,1.13,0.02,32°,34°,-120°,
SUM,4/2/2022 1:14:02 PM,1648905242,2338,S,,1906.823511,1651.4,0.866,1.00,0.594,0.24,0.87,32°,34°,-120°,
SUM,4/2/2022 1:14:41 PM,1648905281,2338,W,,1896.08343,1309.1,0.690,1.00,0.594,0.56,0.68,32°,34°,-120°,
SUM,4/2/2022 1:15:10 PM,1648905310,2338,N,not shaded,1885.871807,478.0,0.253,1.00,0.594,1.59,0.00,32°,34°,-120°,
SUM,4/2/2022 1:15:48 PM,1648905348,2338,E,,1870.122518,597.9,0.320,1.00,0.594,1.33,0.02,32°,34°,-120°,
SUM,4/2/2022 1:17:35 PM,1648905455,2338,Round,21 mnts,1821.818204,999.8,0.549,1.00,0.588,1.03,0.88,31°,34°,-120°,
SUM,4/2/2022 1:17:58 PM,1648905478,2337,S,,1812.656738,891.8,0.492,1.00,0.588,0.97,0.43,31°,34°,-120°,
SUM,4/2/2022 1:18:33 PM,1648905513,2337,W,,1800.868044,1767.5,0.981,1.00,0.588,0.03,0.90,31°,34°,-120°,
SUM,4/2/2022 1:19:17 PM,1648905557,2337,N,not shaded,1791.134666,494.0,0.276,1.00,0.588,1.50,0.00,31°,34°,-120°,
SUM,4/2/2022 1:19:31 PM,1648905571,2337,E,,1789.524269,1423.9,0.796,1.00,0.588,0.36,0.75,31°,34°,-120°,
SUM,4/2/2022 1:20:14 PM,1648905614,2337,Round,21 mnts,1790.018516,1057.1,0.591,1.00,0.588,0.91,0.89,31°,34°,-120°,
SUM,4/2/2022 1:21:08 PM,1648905668,2339,S,,1801.841419,1309.2,0.727,1.00,0.588,0.49,0.67,31°,34°,-120°,
SUM,4/2/2022 1:21:33 PM,1648905693,2339,W,,1810.426049,1155.0,0.638,1.00,0.588,0.66,0.59,31°,34°,-120°,
SUM,4/2/2022 1:22:49 PM,1648905769,2339,N,shaded by trunk,1842.606841,534.4,0.290,1.00,0.588,1.44,0.00,31°,34°,-120°,
SUM,4/2/2022 1:23:48 PM,1648905828,2339,E,,1867.466682,723.9,0.388,1.00,0.588,1.13,0.09,31°,34°,-120°,
SUM,4/2/2022 1:24:33 PM,1648905873,2339,Round,20 mnts,1882.101768,971.9,0.516,1.00,0.588,1.12,0.85,31°,34°,-120°,
SUM,4/2/2022 1:25:51 PM,1648905951,2342,S,CLOUDY,1890.854926,1016.1,0.537,1.00,0.588,0.82,0.35,31°,34°,-120°,
SUM,4/2/2022 1:26:22 PM,1648905982,2342,W,,1888.4316,492.9,0.261,1.00,0.588,1.56,0.00,31°,34°,-120°,
SUM,4/2/2022 1:26:45 PM,1648906005,2342,N,not shaded,1884.936443,544.0,0.289,1.00,0.588,1.44,0.00,31°,34°,-120°,
SUM,4/2/2022 1:27:04 PM,1648906024,2342,E,,1881.134703,707.8,0.376,1.00,0.588,1.17,0.09,31°,34°,-120°,
SUM,4/2/2022 1:28:03 PM,1648906083,2342,S,NOT CLOUDY,1865.460397,1172.4,0.628,1.00,0.588,0.66,0.53,31°,34°,-120°,
SUM,4/2/2022 1:28:51 PM,1648906131,2342,Round,22 mnts,1850.346163,590.1,0.319,1.00,0.588,1.43,0.21,31°,34°,-120°,
SUM,4/2/2022 1:30:32 PM,1648906232,2341,S,,1820.980122,1547.0,0.850,1.00,0.582,0.27,0.82,30°,34°,-120°,
SUM,4/2/2022 1:31:09 PM,1648906269,2341,W,,1813.081787,1150.6,0.635,1.00,0.582,0.66,0.57,30°,34°,-120°,
SUM,4/2/2022 1:31:29 PM,1648906289,2341,N,shaded by trunk,1809.524521,202.0,0.112,1.00,0.582,2.56,0.02,30°,34°,-120°,
SUM,4/2/2022 1:31:48 PM,1648906308,2341,E,,1806.605221,1274.2,0.705,1.00,0.582,0.53,0.66,30°,34°,-120°,
SUM,4/2/2022 1:32:40 PM,1648906360,2341,Round,22 mnts,1800.891492,1090.1,0.605,1.00,0.582,0.72,0.52,30°,34°,-120°,
SUM,4/2/2022 1:36:41 PM,1648906601,2366,S,,1812.661887,463.0,0.255,1.00,0.582,1.59,0.00,30°,34°,-120°,
SUM,4/2/2022 1:37:25 PM,1648906645,2366,W,,1814.68763,270.4,0.149,1.00,0.582,2.23,0.02,30°,34°,-120°,
SUM,4/2/2022 1:37:36 PM,1648906656,2366,N,not shaded,1814.548437,950.0,0.524,1.00,0.582,0.85,0.33,30°,34°,-120°,
SUM,4/2/2022 1:38:06 PM,1648906686,2366,E,,1812.425294,681.9,0.376,1.00,0.582,1.16,0.07,30°,34°,-120°,
SUM,4/2/2022 1:39:40 PM,1648906780,2366,Round,25 mnts,1782.764602,721.8,0.405,1.00,0.582,1.13,0.20,30°,34°,-120°,
SUM,4/2/2022 1:41:22 PM,1648906882,2364,S,,1701.159799,373.6,0.220,1.00,0.582,1.77,0.02,30°,34°,-120°,
SUM,4/2/2022 1:41:47 PM,1648906907,2364,W,,1677.505896,499.5,0.298,1.00,0.582,1.41,0.00,30°,34°,-120°,
SUM,4/2/2022 1:42:10 PM,1648906930,2364,N,not shaded,1656.383657,420.3,0.254,1.00,0.582,1.60,0.02,30°,34°,-120°,
SUM,4/2/2022 1:43:05 PM,1648906985,2364,E,,1613.482,960.7,0.595,1.00,0.582,0.67,0.29,30°,34°,-120°,
SUM,4/2/2022 1:44:04 PM,1648907044,2364,Round,22 mnts,1590.07298,704.1,0.443,1.00,0.582,1.10,0.41,30°,34°,-120°,
SUM,4/2/2022 1:44:47 PM,1648907087,2363,S,,1595.742405,1635.9,1.025,1.00,0.582,-0.04,0.84,30°,34°,-120°,
SUM,4/2/2022 1:45:24 PM,1648907124,2363,W,,1620.277593,569.4,0.351,1.00,0.582,1.22,0.00,30°,34°,-120°,
SUM,4/2/2022 1:45:40 PM,1648907140,2363,N,not shaded,1636.141373,1398.0,0.854,1.00,0.582,0.25,0.72,30°,34°,-120°,
SUM,4/2/2022 1:46:01 PM,1648907161,2363,E,,1660.583723,439.9,0.265,1.00,0.582,1.55,0.02,30°,34°,-120°,
SUM,4/2/2022 1:46:42 PM,1648907202,2363,Round,,1715.938961,834.3,0.486,1.00,0.582,0.84,0.00,30°,34°,-120°,
SUM,4/2/2022 1:47:17 PM,1648907237,2361,S,,1765.700753,573.1,0.325,1.00,0.582,1.31,0.01,30°,34°,-120°,
SUM,4/2/2022 1:47:48 PM,1648907268,2361,W,,1807.053131,1346.3,0.745,1.00,0.582,0.46,0.71,30°,34°,-120°,
SUM,4/2/2022 1:48:01 PM,1648907281,2361,N,shaded by trunk,1822.673362,227.1,0.125,1.00,0.582,2.44,0.02,30°,34°,-120°,
SUM,4/2/2022 1:48:17 PM,1648907297,2361,E,,1839.910683,1035.7,0.563,1.00,0.582,0.77,0.39,30°,34°,-120°,
SUM,4/2/2022 1:48:58 PM,1648907338,2361,Round,21 mnts,1870.5952,990.7,0.530,1.00,0.582,0.81,0.26,30°,34°,-120°,
SUM,4/6/2022 12:17:58 PM,1649247478,2004,S,,1831.495648,413.9,0.226,1.00,0.582,1.73,0.01,30°,34°,-120°,
SUM,4/6/2022 12:18:22 PM,1649247502,2004,W,,1832.193238,132.5,0.072,1.00,0.582,3.07,0.02,30°,34°,-120°,
SUM,4/6/2022 12:18:39 PM,1649247519,2004,N,shaded by trunk,1832.669044,70.8,0.039,1.00,0.582,3.81,0.02,30°,34°,-120°,
SUM,4/6/2022 12:18:58 PM,1649247538,2004,E,,1833.181683,285.8,0.156,1.00,0.582,2.17,0.02,30°,34°,-120°,
SUM,4/6/2022 12:20:07 PM,1649247607,2005,S,,1834.855392,552.2,0.301,1.00,0.582,1.40,0.00,30°,34°,-120°,
SUM,4/6/2022 12:21:48 PM,1649247708,2005,W,,1836.806024,929.9,0.506,1.00,0.576,0.90,0.33,29°,34°,-120°,
SUM,4/6/2022 12:22:12 PM,1649247732,2005,N,shaded by trunk,1837.217282,163.1,0.089,1.00,0.576,2.83,0.02,29°,34°,-120°,
SUM,4/6/2022 12:22:47 PM,1649247767,2005,E,,1837.804337,776.6,0.423,1.00,0.576,1.05,0.14,29°,34°,-120°,
SUM,4/6/2022 12:26:21 PM,1649247981,2006,S,,1842.025131,168.0,0.091,1.00,0.576,2.80,0.02,29°,34°,-120°,
SUM,4/6/2022 12:26:34 PM,1649247994,2006,W,,1842.341554,319.5,0.173,1.00,0.576,2.05,0.02,29°,34°,-120°,
SUM,4/6/2022 12:26:54 PM,1649248014,2006,N,not shaded,1842.83703,687.7,0.373,1.00,0.576,1.16,0.04,29°,34°,-120°,
SUM,4/6/2022 12:27:15 PM,1649248035,2006,E,,1843.366109,446.1,0.242,1.00,0.576,1.66,0.02,29°,34°,-120°,
SUM,4/6/2022 12:27:49 PM,1649248069,2007,S,,1844.234392,427.3,0.232,1.00,0.576,1.71,0.02,29°,34°,-120°,
SUM,4/6/2022 12:28:09 PM,1649248089,2007,W,,1844.747564,915.2,0.496,1.00,0.576,0.90,0.27,29°,34°,-120°,
SUM,4/6/2022 12:28:27 PM,1649248107,2007,N,not shaded,1845.208318,346.6,0.188,1.00,0.576,1.96,0.02,29°,34°,-120°,
SUM,4/6/2022 12:28:55 PM,1649248135,2007,E,,1845.91843,440.7,0.239,1.00,0.576,1.67,0.01,29°,34°,-120°,
SUM,4/6/2022 12:29:26 PM,1649248166,2008,S,,1846.687706,1281.4,0.694,1.00,0.576,0.56,0.65,29°,34°,-120°,
SUM,4/6/2022 12:29:42 PM,1649248182,2008,W,,1847.074781,914.0,0.495,1.00,0.576,0.90,0.27,29°,34°,-120°,
SUM,4/6/2022 12:29:58 PM,1649248198,2008,N,not shaded,1847.453344,521.9,0.282,1.00,0.576,1.48,0.02,29°,34°,-120°,
SUM,4/6/2022 12:30:22 PM,1649248222,2008,E,,1848.003029,1158.3,0.627,1.00,0.576,0.68,0.54,29°,34°,-120°,
SUM,4/6/2022 12:36:32 PM,1649248592,2014,S,,1854.234621,1337.9,0.722,1.00,0.576,0.51,0.69,29°,34°,-120°,
SUM,4/6/2022 12:36:48 PM,1649248608,2014,W,,1854.435813,408.1,0.220,1.00,0.576,1.77,0.02,29°,34°,-120°,
SUM,4/6/2022 12:37:05 PM,1649248625,2014,N,not shaded,1854.64614,1331.0,0.718,1.00,0.576,0.53,0.72,29°,34°,-120°,
SUM,4/6/2022 12:37:47 PM,1649248667,2014,E,,1855.153096,1462.9,0.789,1.00,0.576,0.38,0.74,29°,34°,-120°,
SUM,4/6/2022 12:38:10 PM,1649248690,2013,S,,1855.424731,228.1,0.123,1.00,0.571,2.45,0.02,28°,34°,-120°,
SUM,4/6/2022 12:38:31 PM,1649248711,2013,W,,1855.670123,201.8,0.109,1.00,0.571,2.60,0.02,28°,34°,-120°,
SUM,4/6/2022 12:38:49 PM,1649248729,2013,N,not shaded,1855.879058,936.8,0.505,1.00,0.571,0.88,0.28,28°,34°,-120°,
SUM,4/6/2022 12:39:08 PM,1649248748,2013,E,,1856.09875,271.2,0.146,1.00,0.571,2.25,0.02,28°,34°,-120°,
SUM,4/6/2022 12:40:19 PM,1649248819,2012,S,,1856.921253,707.5,0.381,1.00,0.571,1.14,0.05,28°,34°,-120°,
SUM,4/6/2022 12:40:45 PM,1649248845,2012,W,,1857.226152,439.2,0.236,1.00,0.571,1.69,0.02,28°,34°,-120°,
SUM,4/6/2022 12:40:57 PM,1649248857,2012,N,not shaded,1857.36777,986.6,0.531,1.00,0.571,0.84,0.35,28°,34°,-120°,
SUM,4/6/2022 12:41:17 PM,1649248877,2012,E,,1857.605146,521.6,0.281,1.00,0.571,1.49,0.02,28°,34°,-120°,
SUM,4/6/2022 12:42:18 PM,1649248938,2015,S,,1858.340677,643.6,0.346,1.00,0.571,1.24,0.03,28°,34°,-120°,
SUM,4/6/2022 12:42:56 PM,1649248976,2015,W,,1858.808761,1876.3,1.009,1.00,0.571,-0.02,0.91,28°,34°,-120°,
SUM,4/6/2022 12:43:18 PM,1649248998,2015,N,not shaded,1859.083618,653.4,0.351,1.00,0.571,1.24,0.05,28°,34°,-120°,
SUM,4/6/2022 12:43:38 PM,1649249018,2015,E,,1859.336111,1044.6,0.562,1.00,0.571,0.79,0.41,28°,34°,-120°,
SUM,4/6/2022 12:44:21 PM,1649249061,1478,S,,1859.887996,1689.6,0.908,1.00,0.571,0.17,0.85,28°,34°,-120°,
SUM,4/6/2022 12:44:44 PM,1649249084,1478,W,,1860.188569,186.3,0.100,1.00,0.571,2.69,0.02,28°,34°,-120°,
SUM,4/6/2022 12:44:59 PM,1649249099,1478,N,not shaded,1860.386728,1277.8,0.687,1.00,0.571,0.57,0.63,28°,34°,-120°,
SUM,4/6/2022 12:45:15 PM,1649249115,1478,E,,1860.59992,278.0,0.149,1.00,0.571,2.22,0.02,28°,34°,-120°,
SUM,4/6/2022 1:07:54 PM,1649250474,2048,S,,1866.698302,297.1,0.159,1.00,0.571,2.15,0.02,28°,34°,-120°,
SUM,4/6/2022 1:08:19 PM,1649250499,2048,W,,1866.917742,819.2,0.439,1.00,0.571,1.01,0.16,28°,34°,-120°,
SUM,4/6/2022 1:08:36 PM,1649250516,2048,N,partly shaded,1867.06638,191.4,0.103,1.00,0.571,2.66,0.02,28°,34°,-120°,
SUM,4/6/2022 1:08:53 PM,1649250533,2048,E,,1867.211552,432.2,0.231,1.00,0.571,1.71,0.02,28°,34°,-120°,
SUM,4/6/2022 1:09:37 PM,1649250577,2023,S,,1867.552798,339.4,0.182,1.00,0.571,2.00,0.02,28°,34°,-120°,
SUM,4/6/2022 1:09:50 PM,1649250590,2023,W,,1867.639281,426.8,0.229,1.00,0.571,1.73,0.02,28°,34°,-120°,
SUM,4/6/2022 1:10:11 PM,1649250611,2023,N,partly shaded,1867.760427,1191.5,0.638,1.00,0.571,0.67,0.60,28°,34°,-120°,
SUM,4/6/2022 1:11:07 PM,1649250667,2023,E,,1867.971067,1127.4,0.604,1.00,0.571,0.71,0.47,28°,34°,-120°,
SUM,4/6/2022 1:11:51 PM,1649250711,2022,S,,1868.037172,136.2,0.073,1.00,0.571,3.06,0.02,28°,34°,-120°,
SUM,4/6/2022 1:12:06 PM,1649250726,2022,W,,1868.042704,244.5,0.131,1.00,0.571,2.38,0.02,28°,34°,-120°,
SUM,4/6/2022 1:12:23 PM,1649250743,2022,N,shaded by trunk,1868.039735,69.8,0.037,1.00,0.571,3.85,0.02,28°,34°,-120°,
SUM,4/6/2022 1:13:56 PM,1649250836,2022,E,,1867.887314,143.8,0.077,1.00,0.571,3.00,0.02,28°,34°,-120°,
SUM,4/6/2022 1:14:20 PM,1649250860,2021,S,shaded by large branch,1867.821648,246.0,0.132,1.00,0.571,2.37,0.02,28°,34°,-120°,
SUM,4/6/2022 1:14:56 PM,1649250896,2021,W,,1867.712598,222.7,0.119,1.00,0.571,2.49,0.02,28°,34°,-120°,
SUM,4/6/2022 1:15:04 PM,1649250904,2021,N,not shaded,1867.687344,139.9,0.075,1.00,0.571,3.03,0.02,28°,34°,-120°,
SUM,4/6/2022 1:16:12 PM,1649250972,2021,E,,1867.452789,142.0,0.076,1.00,0.571,3.01,0.02,28°,34°,-120°,
SUM,4/6/2022 1:16:12 PM,1649250972,2021,O,away from trunk to east,1867.452789,247.0,0.132,1.00,0.571,2.37,0.02,28°,34°,-120°,
SUM,4/6/2022 1:16:57 PM,1649251017,2025,S,,1867.259822,338.3,0.181,1.00,0.571,2.00,0.02,28°,34°,-120°,
SUM,4/6/2022 1:17:20 PM,1649251040,2025,W,,1867.143292,917.8,0.492,1.00,0.571,0.91,0.27,28°,34°,-120°,
SUM,4/6/2022 1:17:35 PM,1649251055,2025,N,partly shaded,1867.05937,921.7,0.494,1.00,0.571,0.91,0.28,28°,34°,-120°,
SUM,4/6/2022 1:17:47 PM,1649251067,2025,E,,1866.987249,482.3,0.258,1.00,0.571,1.58,0.01,28°,34°,-120°,
SUM,4/6/2022 1:18:09 PM,1649251089,2020,S,,1866.842438,133.3,0.071,1.00,0.571,3.09,0.02,28°,34°,-120°,
SUM,4/6/2022 1:18:21 PM,1649251101,2020,W,,1866.756027,146.4,0.078,1.00,0.571,2.98,0.02,28°,34°,-120°,
SUM,4/6/2022 1:18:41 PM,1649251121,2020,N,not shaded,1866.599346,1102.0,0.590,1.00,0.571,0.72,0.40,28°,34°,-120°,
SUM,4/6/2022 1:18:54 PM,1649251134,2020,E,,1866.488442,357.6,0.192,1.00,0.571,1.93,0.02,28°,34°,-120°,
SUM,4/6/2022 1:20:12 PM,1649251212,2026,S,,1865.649902,551.3,0.296,1.00,0.571,1.43,0.02,28°,34°,-120°,
SUM,4/6/2022 1:20:28 PM,1649251228,2026,W,,1865.437607,1143.8,0.613,1.00,0.571,0.71,0.54,28°,34°,-120°,
SUM,4/6/2022 1:20:50 PM,1649251250,2026,N,partly shaded,1865.124247,136.1,0.073,1.00,0.571,3.06,0.02,28°,34°,-120°,
SUM,4/6/2022 1:21:10 PM,1649251270,2026,E,,1864.819263,169.3,0.091,1.00,0.571,2.81,0.02,28°,34°,-120°,
SUM,4/6/2022 1:21:47 PM,1649251307,2027,S,,1864.209501,327.0,0.175,1.00,0.571,2.04,0.02,28°,34°,-120°,
SUM,4/6/2022 1:22:01 PM,1649251321,2027,W,,1863.964868,771.4,0.414,1.00,0.571,1.09,0.18,28°,34°,-120°,
SUM,4/6/2022 1:22:17 PM,1649251337,2027,N,partly shaded,1863.676891,277.9,0.149,1.00,0.571,2.23,0.02,28°,34°,-120°,
SUM,4/6/2022 1:22:32 PM,1649251352,2027,E,,1863.399398,398.0,0.214,1.00,0.571,1.81,0.02,28°,34°,-120°,
SUM,4/6/2022 1:40:23 PM,1649252423,2382,S,,1841.358108,318.0,0.173,1.00,0.576,2.05,0.02,29°,34°,-120°,
SUM,4/6/2022 1:40:40 PM,1649252440,2382,W,,1840.907973,165.7,0.090,1.00,0.576,2.82,0.02,29°,34°,-120°,
SUM,4/6/2022 1:40:56 PM,1649252456,2382,N,shaded by trunk,1840.500592,354.1,0.192,1.00,0.576,1.93,0.02,29°,34°,-120°,
SUM,4/6/2022 1:41:08 PM,1649252468,2382,E,,1840.204085,189.0,0.103,1.00,0.576,2.66,0.02,29°,34°,-120°,
SUM,4/6/2022 1:42:47 PM,1649252567,2011,S,,1837.930621,321.5,0.175,1.00,0.576,2.04,0.02,29°,34°,-120°,
SUM,4/6/2022 1:43:11 PM,1649252591,2011,W,,1837.390869,260.5,0.142,1.00,0.576,2.29,0.02,29°,34°,-120°,
SUM,4/6/2022 1:43:26 PM,1649252606,2011,N,partly shaded,1837.04869,290.6,0.158,1.00,0.576,2.16,0.02,29°,34°,-120°,
SUM,4/6/2022 1:43:39 PM,1649252619,2011,E,,1836.747464,385.3,0.210,1.00,0.576,1.83,0.02,29°,34°,-120°,
SUM,4/6/2022 1:51:15 PM,1649253075,2355,S,,1823.996927,393.9,0.216,1.00,0.582,1.79,0.02,30°,34°,-120°,
SUM,4/6/2022 1:51:37 PM,1649253097,2355,W,,1823.569936,201.2,0.110,1.00,0.582,2.58,0.02,30°,34°,-120°,
SUM,4/6/2022 1:51:54 PM,1649253114,2355,N,not shaded,1823.24043,463.1,0.254,1.00,0.582,1.60,0.02,30°,34°,-120°,
SUM,4/6/2022 1:52:04 PM,1649253124,2355,E,,1823.044509,711.6,0.390,1.00,0.582,1.13,0.09,30°,34°,-120°,
SUM,4/6/2022 1:52:36 PM,1649253156,2356,S,,1822.393506,715.0,0.392,1.00,0.582,1.12,0.08,30°,34°,-120°,
SUM,4/6/2022 1:52:51 PM,1649253171,2356,W,,1822.068821,196.8,0.108,1.00,0.582,2.60,0.02,30°,34°,-120°,
SUM,4/6/2022 1:53:12 PM,1649253192,2356,N,partly shaded,1821.584486,553.2,0.304,1.00,0.582,1.38,0.00,30°,34°,-120°,
SUM,4/6/2022 1:53:23 PM,1649253203,2356,E,,1821.314078,923.1,0.507,1.00,0.582,0.87,0.28,30°,34°,-120°,
SUM,4/6/2022 1:53:57 PM,1649253237,2357,S,,1820.38829,899.3,0.494,1.00,0.582,0.89,0.24,30°,34°,-120°,
SUM,4/6/2022 1:54:07 PM,1649253247,2357,W,,1820.085961,1106.0,0.608,1.00,0.582,0.71,0.52,30°,34°,-120°,
SUM,4/6/2022 1:54:22 PM,1649253262,2357,N,shaded by trunk,1819.603065,171.6,0.094,1.00,0.582,2.76,0.02,30°,34°,-120°,
SUM,4/6/2022 1:54:33 PM,1649253273,2357,E,,1819.224746,617.4,0.339,1.00,0.582,1.26,0.01,30°,34°,-120°,
SUM,4/6/2022 1:56:38 PM,1649253398,2359,S,,1813.390588,797.5,0.440,1.00,0.588,1.01,0.18,31°,34°,-120°,
SUM,4/6/2022 1:57:42 PM,1649253462,2359,W,,1809.685232,1276.0,0.705,1.00,0.588,0.41,0.02,31°,34°,-120°,
SUM,4/6/2022 1:57:42 PM,1649253462,2359,N,shaded by trunk,1809.685232,103.1,0.057,1.00,0.588,3.35,0.02,31°,34°,-120°,
SUM,4/6/2022 1:58:09 PM,1649253489,2359,E,,1808.078336,583.8,0.323,1.00,0.588,1.32,0.01,31°,34°,-120°,
SUM,4/6/2022 1:58:32 PM,1649253512,2369,S,,1806.714477,1543.8,0.854,1.00,0.588,0.25,0.77,31°,34°,-120°,
SUM,4/6/2022 1:58:46 PM,1649253526,2369,W,,1805.892975,1412.6,0.782,1.00,0.588,0.39,0.76,31°,34°,-120°,
SUM,4/6/2022 1:59:04 PM,1649253544,2369,N,shaded by trunk,1804.852548,198.2,0.110,1.00,0.588,2.58,0.02,31°,34°,-120°,
SUM,4/6/2022 1:59:25 PM,1649253565,2369,E,,1803.669587,472.1,0.262,1.00,0.588,1.56,0.00,31°,34°,-120°,
SUM,4/6/2022 2:00:03 PM,1649253603,2360,S,,1801.646981,154.3,0.086,1.00,0.588,2.87,0.02,31°,34°,-120°,
SUM,4/6/2022 2:00:16 PM,1649253616,2360,W,,1800.998116,1338.1,0.743,1.00,0.588,0.47,0.72,31°,34°,-120°,
SUM,4/6/2022 2:00:31 PM,1649253631,2360,N,not shaded,1800.277215,1357.9,0.754,1.00,0.588,0.44,0.72,31°,34°,-120°,
SUM,4/6/2022 2:00:45 PM,1649253645,2360,E,,1799.630032,578.5,0.321,1.00,0.588,1.32,0.01,31°,34°,-120°,
SUM,4/8/2022 12:57:03 PM,1649422623,2087,S,,1878.480447,996.4,0.530,1.00,0.566,0.87,0.40,27°,34°,-120°,
SUM,4/8/2022 12:57:19 PM,1649422639,2087,W,,1878.368321,686.7,0.366,1.00,0.566,1.19,0.04,27°,34°,-120°,
SUM,4/8/2022 12:57:36 PM,1649422656,2087,N,shaded by trunk,1878.226061,101.8,0.054,1.00,0.566,3.41,0.02,27°,34°,-120°,
SUM,4/8/2022 12:58:01 PM,1649422681,2087,E,,1877.931049,262.8,0.140,1.00,0.566,2.30,0.02,27°,34°,-120°,
SUM,4/8/2022 12:59:22 PM,1649422762,2091,S,,1875.53614,431.6,0.230,1.00,0.566,1.72,0.02,27°,34°,-120°,
SUM,4/8/2022 12:59:41 PM,1649422781,2091,W,,1874.490081,903.4,0.482,1.00,0.566,0.93,0.24,27°,34°,-120°,
SUM,4/8/2022 12:59:56 PM,1649422796,2091,N,not shaded,1873.493299,254.7,0.136,1.00,0.566,2.33,0.02,27°,34°,-120°,
SUM,4/8/2022 1:00:15 PM,1649422815,2091,E,,1871.990295,93.1,0.050,1.00,0.566,3.51,0.02,27°,34°,-120°,
SUM,4/8/2022 1:01:45 PM,1649422905,2092,S,,1860.37863,956.4,0.514,1.00,0.566,0.85,0.26,27°,34°,-120°,
SUM,4/8/2022 1:01:59 PM,1649422919,2092,W,,1857.781925,442.8,0.238,1.00,0.566,1.68,0.02,27°,34°,-120°,
SUM,4/8/2022 1:02:14 PM,1649422934,2092,N,shaded by trunk,1854.727825,55.7,0.030,1.00,0.566,4.10,0.02,27°,34°,-120°,
SUM,4/8/2022 1:02:31 PM,1649422951,2092,E,,1850.909172,782.0,0.422,1.00,0.566,1.04,0.10,27°,34°,-120°,
SUM,4/8/2022 1:03:53 PM,1649423033,2090,S,full sun,1826.51797,1427.0,0.781,1.00,0.566,0.40,0.75,27°,34°,-120°,
SUM,4/8/2022 1:04:09 PM,1649423049,2090,W,,1820.480679,588.7,0.323,1.00,0.566,1.32,0.01,27°,34°,-120°,
SUM,4/8/2022 1:04:23 PM,1649423063,2090,N,full sun,1814.823224,1801.1,0.992,1.00,0.566,0.01,0.89,27°,34°,-120°,
SUM,4/8/2022 1:04:39 PM,1649423079,2090,E,,1807.913936,482.0,0.267,1.00,0.566,1.54,0.00,27°,34°,-120°,
SUM,4/8/2022 1:04:56 PM,1649423096,2090,O,,1800.036114,910.7,0.506,1.00,0.566,0.88,0.28,27°,34°,-120°,
SUM,4/8/2022 1:05:10 PM,1649423110,2090,O,,1793.122884,489.6,0.273,1.00,0.566,1.51,0.00,27°,34°,-120°,
SUM,4/8/2022 1:05:21 PM,1649423121,2090,O,,1787.438587,268.9,0.150,1.00,0.566,2.22,0.02,27°,34°,-120°,
SUM,4/8/2022 1:05:30 PM,1649423130,2090,O,,1782.640728,441.7,0.248,1.00,0.566,1.63,0.02,27°,34°,-120°,
SUM,4/8/2022 1:07:09 PM,1649423229,2089,S,,1724.93409,41.5,0.024,1.00,0.566,4.36,0.02,27°,34°,-120°,
SUM,4/8/2022 1:07:40 PM,1649423260,2089,W,,1706.681621,695.5,0.408,1.00,0.566,1.06,0.05,27°,34°,-120°,
SUM,4/8/2022 1:07:58 PM,1649423278,2089,N,not shaded,1696.433879,369.0,0.218,1.00,0.566,1.79,0.02,27°,34°,-120°,
SUM,4/8/2022 1:08:22 PM,1649423302,2089,E,,1683.390858,39.0,0.023,1.00,0.566,4.41,0.02,27°,34°,-120°,
SUM,4/8/2022 1:09:30 PM,1649423370,2090,S,full sun,1652.345906,1285.5,0.778,1.00,0.566,0.39,0.65,27°,34°,-120°,
SUM,4/8/2022 1:10:10 PM,1649423410,2090,W,shaded by trunk,1639.865659,229.8,0.140,1.00,0.566,2.30,0.02,27°,34°,-120°,
SUM,4/8/2022 1:10:22 PM,1649423422,2090,N,full sun,1637.130473,1771.0,1.082,1.00,0.566,-0.14,0.87,27°,34°,-120°,
SUM,4/8/2022 1:10:40 PM,1649423440,2090,E,,1633.845907,650.8,0.398,1.00,0.566,1.08,0.03,27°,34°,-120°,
SUM,4/8/2022 1:10:55 PM,1649423455,2090,O,,1631.803942,169.0,0.104,1.00,0.566,2.65,0.02,27°,34°,-120°,
SUM,4/8/2022 1:11:02 PM,1649423462,2090,O,,1631.05213,539.7,0.331,1.00,0.566,1.29,0.02,27°,34°,-120°,
SUM,4/8/2022 1:11:09 PM,1649423469,2090,O,,1630.421296,302.9,0.186,1.00,0.566,1.97,0.02,27°,34°,-120°,
SUM,4/8/2022 1:11:21 PM,1649423481,2090,O,,1629.606723,360.7,0.221,1.00,0.566,1.76,0.02,27°,34°,-120°,
SUM,4/8/2022 1:11:36 PM,1649423496,2090,O,,1629.02862,209.3,0.128,1.00,0.566,2.40,0.02,27°,34°,-120°,
SUM,4/8/2022 1:11:48 PM,1649423508,2090,O,,1628.887108,353.3,0.217,1.00,0.566,1.79,0.02,27°,34°,-120°,
SUM,4/8/2022 1:17:59 PM,1649423879,2086,S,,1647.202985,749.3,0.455,1.00,0.566,0.96,0.14,27°,34°,-120°,
SUM,4/8/2022 1:18:13 PM,1649423893,2086,W,,1647.254547,805.1,0.489,1.00,0.566,0.88,0.14,27°,34°,-120°,
SUM,4/8/2022 1:18:32 PM,1649423912,2086,N,not shaded,1647.447805,902.3,0.548,1.00,0.566,0.77,0.24,27°,34°,-120°,
SUM,4/8/2022 1:18:48 PM,1649423928,2086,E,,1647.754512,449.5,0.273,1.00,0.566,1.52,0.02,27°,34°,-120°,
SUM,4/8/2022 1:23:17 PM,1649424197,2085,S,,1682.383331,200.9,0.119,1.00,0.571,2.49,0.02,28°,34°,-120°,
SUM,4/8/2022 1:23:28 PM,1649424208,2085,W,,1684.285547,334.7,0.199,1.00,0.571,1.89,0.02,28°,34°,-120°,
SUM,4/8/2022 1:23:40 PM,1649424220,2085,N,not shaded,1686.30689,1301.0,0.772,1.00,0.571,0.41,0.69,28°,34°,-120°,
SUM,4/8/2022 1:23:56 PM,1649424236,2085,E,,1688.89284,489.7,0.290,1.00,0.571,1.45,0.02,28°,34°,-120°,
SUM,4/8/2022 1:27:29 PM,1649424449,2093,S,,1703.898616,275.6,0.162,1.00,0.571,2.13,0.02,28°,34°,-120°,
SUM,4/8/2022 1:27:41 PM,1649424461,2093,W,,1703.929432,534.4,0.314,1.00,0.571,1.35,0.00,28°,34°,-120°,
SUM,4/8/2022 1:27:54 PM,1649424474,2093,N,not shaded,1703.931729,139.3,0.082,1.00,0.571,2.93,0.02,28°,34°,-120°,
SUM,4/8/2022 1:28:19 PM,1649424499,2093,E,,1703.888768,290.8,0.171,1.00,0.571,2.07,0.02,28°,34°,-120°,
SUM,4/8/2022 1:33:31 PM,1649424811,2091,S,,1715.226155,703.1,0.410,1.00,0.571,1.06,0.06,28°,34°,-120°,
SUM,4/8/2022 1:33:48 PM,1649424828,2091,W,,1715.735365,345.2,0.201,1.00,0.571,1.88,0.02,28°,34°,-120°,
SUM,4/8/2022 1:34:02 PM,1649424842,2091,N,not shaded,1716.027621,443.0,0.258,1.00,0.571,1.58,0.01,28°,34°,-120°,
SUM,4/8/2022 1:34:15 PM,1649424855,2091,E,,1716.183103,512.1,0.298,1.00,0.571,1.41,0.00,28°,34°,-120°,
SUM,4/8/2022 2:03:07 PM,1649426587,2088,S,,1801.333544,277.0,0.154,1.00,0.588,2.19,0.02,31°,34°,-120°,
SUM,4/8/2022 2:03:15 PM,1649426595,2088,W,,1801.073657,340.9,0.189,1.00,0.588,1.95,0.02,31°,34°,-120°,
SUM,4/8/2022 2:03:31 PM,1649426611,2088,N,not shaded,1800.563501,926.3,0.514,1.00,0.588,0.87,0.33,31°,34°,-120°,
SUM,4/8/2022 2:03:44 PM,1649426624,2088,E,,1800.160292,431.3,0.240,1.00,0.588,1.66,0.00,31°,34°,-120°,
SUM,4/15/2022 1:15:31 PM,1650028531,2315/2314/2312/2311,S,,0,1495.3,#DIV/0!,1.00,0.556,#DIV/0!,0.72,25°,34°,-120°,
SUM,4/15/2022 1:15:49 PM,1650028549,2315/2314/2312/2311,W,,0,669.5,#DIV/0!,1.00,0.556,#DIV/0!,0.05,25°,34°,-120°,
SUM,4/15/2022 1:16:08 PM,1650028568,2315/2314/2312/2311,N,partly shaded,0,434.1,#DIV/0!,1.00,0.556,#DIV/0!,0.02,25°,34°,-120°,
SUM,4/15/2022 1:16:29 PM,1650028589,2315/2314/2312/2311,E,,0,197.6,#DIV/0!,1.00,0.556,#DIV/0!,0.02,25°,34°,-120°,
SUM,4/15/2022 1:16:56 PM,1650028616,2310/2313,S,,0,766.1,#DIV/0!,1.00,0.556,#DIV/0!,0.08,25°,34°,-120°,
SUM,4/15/2022 1:17:17 PM,1650028637,2310/2313,W,,0,836.9,#DIV/0!,1.00,0.556,#DIV/0!,0.15,25°,34°,-120°,
SUM,4/15/2022 1:17:38 PM,1650028658,2310/2313,N,not shaded,0,1558.4,#DIV/0!,1.00,0.556,#DIV/0!,0.81,25°,34°,-120°,
SUM,4/15/2022 1:17:52 PM,1650028672,2310/2313,E,,0,1360.9,#DIV/0!,1.00,0.556,#DIV/0!,0.70,25°,34°,-120°,
SUM,4/15/2022 1:18:17 PM,1650028697,2317,S,,0,1415.1,#DIV/0!,1.00,0.556,#DIV/0!,0.77,25°,34°,-120°,
SUM,4/15/2022 1:18:35 PM,1650028715,2317,W,,0,760.6,#DIV/0!,1.00,0.556,#DIV/0!,0.12,25°,34°,-120°,
SUM,4/15/2022 1:18:57 PM,1650028737,2317,N,partly shaded,0,205.3,#DIV/0!,1.00,0.556,#DIV/0!,0.02,25°,34°,-120°,
SUM,4/15/2022 1:19:11 PM,1650028751,2317,E,,0,1003.1,#DIV/0!,1.00,0.556,#DIV/0!,0.32,25°,34°,-120°,
SUM,4/15/2022 1:19:43 PM,1650028783,2316,S,,0,1420.6,#DIV/0!,1.00,0.556,#DIV/0!,0.73,25°,34°,-120°,
SUM,4/15/2022 1:19:56 PM,1650028796,2316,W,,0,993.8,#DIV/0!,1.00,0.556,#DIV/0!,0.38,25°,34°,-120°,
SUM,4/15/2022 1:20:11 PM,1650028811,2316,N,not shaded,0,993.6,#DIV/0!,1.00,0.556,#DIV/0!,0.36,25°,34°,-120°,
SUM,4/15/2022 1:20:24 PM,1650028824,2316,E,,0,704.3,#DIV/0!,1.00,0.556,#DIV/0!,0.05,25°,34°,-120°,
SUM,4/15/2022 1:21:00 PM,1650028860,2318,S,,0,1753.0,#DIV/0!,1.00,0.556,#DIV/0!,0.85,25°,34°,-120°,
SUM,4/15/2022 1:21:16 PM,1650028876,2318,W,,0,257.4,#DIV/0!,1.00,0.556,#DIV/0!,0.02,25°,34°,-120°,
SUM,4/15/2022 1:21:41 PM,1650028901,2318,N,not shaded,0,726.4,#DIV/0!,1.00,0.556,#DIV/0!,0.06,25°,34°,-120°,
SUM,4/15/2022 1:21:58 PM,1650028918,2318,E,,0,1431.1,#DIV/0!,1.00,0.556,#DIV/0!,0.74,25°,34°,-120°,
SUM,4/15/2022 1:22:51 PM,1650028971,2319,S,,0,936.0,#DIV/0!,1.00,0.556,#DIV/0!,0.00,25°,34°,-120°,
SUM,4/15/2022 1:23:01 PM,1650028981,2319,W,,0,571.7,#DIV/0!,1.00,0.556,#DIV/0!,0.00,25°,34°,-120°,
SUM,4/15/2022 1:23:15 PM,1650028995,2319,N,not shaded,0,1633.8,#DIV/0!,1.00,0.556,#DIV/0!,0.81,25°,34°,-120°,
SUM,4/15/2022 1:23:33 PM,1650029013,2319,E,,0,263.0,#DIV/0!,1.00,0.556,#DIV/0!,0.02,25°,34°,-120°,
SUM,4/15/2022 1:23:59 PM,1650029039,2317,S,,0,1012.8,#DIV/0!,1.00,0.556,#DIV/0!,0.36,25°,34°,-120°,
SUM,4/15/2022 1:24:14 PM,1650029054,2317,W,,0,681.1,#DIV/0!,1.00,0.556,#DIV/0!,0.01,25°,34°,-120°,
SUM,4/15/2022 1:24:28 PM,1650029068,2317,N,not shaded,0,488.7,#DIV/0!,1.00,0.556,#DIV/0!,0.00,25°,34°,-120°,
SUM,4/15/2022 1:24:41 PM,1650029081,2317,E,,0,1017.0,#DIV/0!,1.00,0.556,#DIV/0!,0.34,25°,34°,-120°,
SUM,4/15/2022 1:25:16 PM,1650029116,2320,S,,0,832.3,#DIV/0!,1.00,0.556,#DIV/0!,0.21,25°,34°,-120°,
SUM,4/15/2022 1:25:28 PM,1650029128,2320,W,,0,782.7,#DIV/0!,1.00,0.556,#DIV/0!,0.14,25°,34°,-120°,
SUM,4/15/2022 1:25:43 PM,1650029143,2320,N,not shaded,0,177.0,#DIV/0!,1.00,0.556,#DIV/0!,0.02,25°,34°,-120°,
SUM,4/15/2022 1:26:04 PM,1650029164,2320,E,,0,300.1,#DIV/0!,1.00,0.556,#DIV/0!,0.02,25°,34°,-120°,
SUM,4/15/2022 1:26:34 PM,1650029194,2321,S,,0,1200.9,#DIV/0!,1.00,0.556,#DIV/0!,0.58,25°,34°,-120°,
SUM,4/15/2022 1:26:49 PM,1650029209,2321,W,,0,811.2,#DIV/0!,1.00,0.556,#DIV/0!,0.15,25°,34°,-120°,
SUM,4/15/2022 1:27:01 PM,1650029221,2321,N,not shaded,0,1464.4,#DIV/0!,1.00,0.556,#DIV/0!,0.76,25°,34°,-120°,
SUM,4/15/2022 1:27:15 PM,1650029235,2321,E,,0,1177.9,#DIV/0!,1.00,0.556,#DIV/0!,0.57,25°,34°,-120°,
SUM,4/15/2022 1:27:37 PM,1650029257,2323,S,,0,264.7,#DIV/0!,1.00,0.556,#DIV/0!,0.02,25°,34°,-120°,
SUM,4/15/2022 1:27:52 PM,1650029272,2323,W,,0,180.9,#DIV/0!,1.00,0.556,#DIV/0!,0.02,25°,34°,-120°,
SUM,4/15/2022 1:28:23 PM,1650029303,2323,N,not shaded,0,211.0,#DIV/0!,1.00,0.556,#DIV/0!,0.00,25°,34°,-120°,
SUM,4/15/2022 1:28:33 PM,1650029313,2323,E,,0,483.6,#DIV/0!,1.00,0.556,#DIV/0!,0.01,25°,34°,-120°,
SUM,4/15/2022 1:29:10 PM,1650029350,2324,S,,0,1859.9,#DIV/0!,1.00,0.556,#DIV/0!,0.90,25°,34°,-120°,
SUM,4/15/2022 1:29:24 PM,1650029364,2324,W,,0,1187.0,#DIV/0!,1.00,0.556,#DIV/0!,0.54,25°,34°,-120°,
SUM,4/15/2022 1:29:43 PM,1650029383,2324,N,not shaded,0,358.9,#DIV/0!,1.00,0.556,#DIV/0!,0.02,25°,34°,-120°,
SUM,4/15/2022 1:29:57 PM,1650029397,2324,E,,0,1715.2,#DIV/0!,1.00,0.556,#DIV/0!,0.85,25°,34°,-120°,
SUM,4/15/2022 1:30:34 PM,1650029434,2325,S,849,0,849.1,#DIV/0!,1.00,0.561,#DIV/0!,0.17,26°,34°,-120°,
SUM,4/15/2022 1:30:50 PM,1650029450,2325,W,,0,1768.3,#DIV/0!,1.00,0.561,#DIV/0!,0.85,26°,34°,-120°,
SUM,4/15/2022 1:31:21 PM,1650029481,2325,N,not shaded,0,1609.0,#DIV/0!,1.00,0.561,#DIV/0!,0.83,26°,34°,-120°,
SUM,4/15/2022 1:31:34 PM,1650029494,2325,E,,0,912.1,#DIV/0!,1.00,0.561,#DIV/0!,0.23,26°,34°,-120°,
SUM,4/15/2022 1:32:11 PM,1650029531,2326,S,full sun,0,1869.1,#DIV/0!,1.00,0.561,#DIV/0!,0.90,26°,34°,-120°,
SUM,4/15/2022 1:32:46 PM,1650029566,2326,W,,0,1047.0,#DIV/0!,1.00,0.561,#DIV/0!,0.39,26°,34°,-120°,
SUM,4/15/2022 1:33:22 PM,1650029602,2326,N,not shaded,0,910.7,#DIV/0!,1.00,0.561,#DIV/0!,0.28,26°,34°,-120°,
SUM,4/15/2022 1:33:38 PM,1650029618,2326,E,,0,1794.5,#DIV/0!,1.00,0.561,#DIV/0!,0.87,26°,34°,-120°,
SUM,4/15/2022 1:34:28 PM,1650029668,2327,S,,0,136.8,#DIV/0!,1.00,0.561,#DIV/0!,0.02,26°,34°,-120°,
SUM,4/15/2022 1:34:52 PM,1650029692,2327,W,,0,390.4,#DIV/0!,1.00,0.561,#DIV/0!,0.02,26°,34°,-120°,
SUM,4/15/2022 1:35:14 PM,1650029714,2327,N,not shaded,0,809.0,#DIV/0!,1.00,0.561,#DIV/0!,0.14,26°,34°,-120°,
SUM,4/15/2022 1:35:27 PM,1650029727,2327,E,,0,483.4,#DIV/0!,1.00,0.561,#DIV/0!,0.02,26°,34°,-120°,
SUM,4/15/2022 1:36:14 PM,1650029774,2328,S,,0,539.9,#DIV/0!,1.00,0.561,#DIV/0!,0.00,26°,34°,-120°,
SUM,4/15/2022 1:36:35 PM,1650029795,2328,W,,0,160.9,#DIV/0!,1.00,0.561,#DIV/0!,0.02,26°,34°,-120°,
SUM,4/15/2022 1:37:00 PM,1650029820,2328,N,not shaded,0,972.1,#DIV/0!,1.00,0.561,#DIV/0!,0.29,26°,34°,-120°,
SUM,4/15/2022 1:37:15 PM,1650029835,2328,E,,0,833.4,#DIV/0!,1.00,0.561,#DIV/0!,0.20,26°,34°,-120°,
